cz,czname,state_id,pop2000,s_rank,e_rank_b,prob_p1_k5,bowl90,mergebowlingalleys,bowl_per_capita
100,Johnson City,Tennessee,576081,.37169999,38.387501,.06219881,10,matched (3),.1735867
200,Morristown,Tennessee,227816,.35611001,37.776752,.05365194,3,matched (3),.13168521
301,Middlesborough,Tennessee,66708,.37557,39.049252,.072635137,2,matched (3),.29981411
302,Knoxville,Tennessee,727600,.37253001,37.841248,.056281213,9,matched (3),.12369434
401,Winston-Salem,North Carolina,493180,.38913,36.96925,.044800792,5,matched (3),.10138286
402,Martinsville,Virginia,92753,.42256999,37.29525,.051835854,2,matched (3),.21562645
500,Greensboro,North Carolina,1055133,.39521,36.477249,.047396939,13,matched (3),.12320722
601,North Wilkesboro,North Carolina,90016,.38885999,38.344498,.051663127,1,matched (3),.11109136
602,Galax,Virginia,64676,.41348001,40.813,.079569891,1,matched (3),.15461686
700,Spartanburg,South Carolina,354533,.40439999,36.405998,.04311119,4,matched (3),.11282448
800,Gastonia,North Carolina,413331,.41628999,35.43425,.051527306,5,matched (3),.12096842
900,Charlotte,North Carolina,1423942,.39704001,35.834999,.043785237,10,matched (3),.070227578
1002,Morganton,North Carolina,164760,.37279001,37.550751,.054446463,3,matched (3),.18208303
1100,Hickory,North Carolina,375363,.41510001,35.556499,.04496967,4,matched (3),.10656352
1201,Franklin,North Carolina,44861,.33776,41.237999,.056661561,1,matched (3),.22291076
1203,Asheville,North Carolina,398505,.31935999,39.013,.063380279,7,matched (3),.17565651
1204,Andrews,North Carolina,59681,.30434999,40.832748,.080481037,1,matched (3),.16755751
1302,Florence,South Carolina,548986,.39379999,35.914001,.0356782,7,matched (3),.12750781
1400,Fayetteville,North Carolina,644101,.37436,34.774998,.038247012,7,matched (3),.10867861
1500,Wilmington,North Carolina,361559,.34638,35.862499,.041803397,4,matched (3),.11063201
1600,Wilson,North Carolina,216840,.43130001,35.038502,.031958379,3,matched (3),.13835086
1701,Raleigh,North Carolina,1412127,.38949001,36.932251,.049986634,13,matched (3),.092059709
1800,Goldsboro,North Carolina,222553,.39567,37.619751,.045354951,2,matched (3),.089866236
1900,Jacksonville,North Carolina,536909,.38275,37.207748,.04700724,8,matched (3),.14900105
2000,Virginia Beach,Virginia,1119468,.38389,37.92725,.053550944,17,matched (3),.15185785
2100,Washington,North Carolina,124216,.37628999,37.506248,.049788479,3,matched (3),.24151479
2200,South Boston,Virginia,158234,.43979999,37.988998,.049048752,1,matched (3),.063197546
2300,Lynchburg,Virginia,228616,.3969,39.2425,.067359142,2,matched (3),.087482944
2400,Richmond,Virginia,1040192,.40042999,37.87175,.054764673,17,matched (3),.16343136
2500,Newport News,Virginia,570854,.39982,38.052502,.051365763,9,matched (3),.15765853
2600,Roanoke Rapids,North Carolina,139055,.46087,35.58675,.032752901,2,matched (3),.14382797
2700,Gulfport,Mississippi,458674,.34167999,39.334,.067107029,4,matched (3),.087207906
2800,Laurel,Mississippi,120505,.43610999,40.06675,.069207057,2,matched (3),.16596822
2900,Hattiesburg,Mississippi,157181,.38949001,39.391251,.060510889,2,matched (3),.12724183
3001,Kosciusko,Mississippi,41270,.48800999,37.347248,.035489667,1,matched (3),.24230675
3003,Jackson,Mississippi,546560,.41993999,36.372501,.037534047,4,matched (3),.073185012
3202,Natchez,Mississippi,69653,.43726,38.773499,.048746027,1,matched (3),.14356883
3203,Vicksburg,Mississippi,84943,.41933,35.331249,.031178208,2,matched (3),.23545201
3300,New Orleans,Louisiana,1381652,.39679,38.179749,.051212866,17,matched (3),.12304112
3400,Houma,Louisiana,271365,.40068001,43.973999,.11346915,6,matched (3),.22110441
3500,Baton Rouge,Louisiana,806561,.40549999,39.294502,.060396895,5,matched (3),.061991591
3600,Alexandria,Louisiana,186516,.40415999,40.066998,.067212842,2,matched (3),.1072294
3700,Lake Charles,Louisiana,335960,.33976999,42.560249,.09711846,4,matched (3),.11906179
3800,Lafayette,Louisiana,548154,.38124001,43.189003,.095053539,3,matched (3),.054729145
3901,Monroe,Louisiana,253878,.41474,37.8895,.055185098,2,matched (3),.078777999
4001,Magnolia,Arkansas,34162,.41896999,38.562248,.060388945,1,matched (3),.29272291
4002,Shreveport,Louisiana,499101,.43503001,38.13575,.052718505,3,matched (3),.060108073
4101,Crossett,Arkansas,24209,.38687,38.567749,.041538462,1,matched (3),.41306952
4200,Little Rock,Arkansas,630854,.39308,37.990002,.053561717,5,matched (3),.079257645
4302,Searcy,Arkansas,94324,.37224001,41.313,.089104541,1,matched (3),.10601756
4401,London,Kentucky,144931,.35721999,39.095497,.063895307,3,matched (3),.20699506
4402,Richmond,Kentucky,116256,.34829,38.853249,.059086841,1,matched (3),.086017065
4502,Hazard,Kentucky,117919,.2744,42.679001,.13065937,3,matched (3),.25441194
4601,Campbellsville,Kentucky,83451,.33136001,41.917,.071428575,2,matched (3),.2396616
4602,Somerset,Kentucky,123981,.39792001,39.055,.06271451,2,matched (3),.16131504
4702,Clarksdale,Mississippi,141711,.47959,34.24675,.027132504,1,matched (3),.070566155
4800,Greenville,Mississippi,146833,.47114,33.6105,.02210159,1,matched (3),.06810458
4901,Jackson,Tennessee,198166,.39669001,37.32325,.047488127,2,matched (3),.10092549
4902,Dyersburg,Tennessee,92131,.45120999,36.499249,.043111529,1,matched (3),.1085411
4903,Lexington,Tennessee,44884,.36184999,40.994251,.081659973,1,matched (3),.22279654
5000,Tupelo,Mississippi,197774,.42111,37.740753,.043573417,1,matched (3),.050562762
5100,Corinth,Mississippi,129508,.38925001,39.048252,.06576325,1,matched (3),.077215306
5201,New Albany,Mississippi,54214,.42625999,39.295502,.054625552,1,matched (3),.1844542
5202,Memphis,Tennessee,1154338,.41648999,33.74725,.028182739,8,matched (3),.069303788
5300,West Memphis,Arkansas,138746,.4375,35.218498,.032014072,2,matched (3),.14414831
5401,Bowling Green,Kentucky,164944,.35468999,40.352249,.064267352,3,matched (3),.18187991
5500,Columbia,Tennessee,159374,.30425,39.436253,.057019267,3,matched (3),.18823647
5600,Nashville,Tennessee,1246338,.35681,38.202251,.057263449,18,matched (3),.1444231
5700,Tullahoma,Tennessee,130610,.37467,39.182747,.061447427,1,matched (3),.076563813
5800,Dickson,Tennessee,138212,.36409,39.722248,.071536146,2,matched (3),.14470524
5900,Clarksville,Tennessee,252059,.34193999,39.189503,.059968848,4,matched (3),.158693
6000,Huntsville,Alabama,519583,.36263001,38.46875,.056676153,3,matched (3),.05773861
6100,Gadsden,Alabama,304068,.36822,41.170498,.071056664,9,matched (3),.29598641
6200,Florence,Alabama,230941,.36069,41.467251,.071067154,2,matched (3),.086602204
6301,McMinnville,Tennessee,84309,.36504,39.343998,.057225432,3,matched (3),.35583389
6302,Cookeville,Tennessee,98362,.30739999,41.245998,.072028808,1,matched (3),.10166528
6401,Chattanooga,Tennessee,490863,.36171001,37.94875,.057053063,4,matched (3),.081489131
6402,Crossville,Tennessee,104194,.34847999,40.566998,.070844688,1,matched (3),.095974818
6501,Ellijay,Georgia,43254,.27608001,40.678001,.064965196,1,matched (3),.23119248
6502,Cleveland,Tennessee,203077,.34509999,39.179501,.066822976,3,matched (3),.14772722
6600,Rome,Georgia,418304,.35703,37.421749,.048462134,2,matched (3),.047812119
6700,Tampa,Florida,2395997,.33546001,39.1325,.060128428,45,matched (3),.18781325
6800,Lakeland,Florida,598228,.34039,39.422752,.052058496,5,matched (3),.083580174
6900,Sarasota,Florida,763795,.30434999,39.228748,.068315662,8,matched (3),.10474014
7000,Miami,Florida,3955969,.26672,41.452,.072966084,35,matched (3),.088473901
7100,Port St. Lucie,Florida,1533306,.30329001,38.99625,.062430378,19,matched (3),.12391526
7200,Cape Coral,Florida,692265,.30116001,39.507999,.06019152,9,matched (3),.13000801
7300,Palm Bay,Florida,589177,.30721,39.416252,.06588921,9,matched (3),.15275545
7400,Orlando,Florida,1697906,.32616001,39.113998,.05781661,21,matched (3),.12368176
7500,Deltona,Florida,563598,.30836001,39.173,.058778916,5,matched (3),.088715717
7600,Jacksonville,Florida,1176696,.36144,37.532001,.04921316,14,matched (3),.1189772
7700,Lake City,Florida,149695,.37391999,38.742001,.049539458,2,matched (3),.133605
7800,Ocala,Florida,377001,.32901999,38.9505,.056420494,9,matched (3),.23872615
7900,Gainesville,Florida,320199,.36585,38.562252,.049674656,1,matched (3),.031230578
8000,Sumter,South Carolina,209914,.39267999,36.382,.034936707,1,matched (3),.047638558
8100,Columbia,South Carolina,722201,.39879,35.944752,.037213266,7,matched (3),.096925922
8202,Charleston,South Carolina,587297,.3436,37.687,.044469237,6,matched (3),.10216296
8300,Greenville,South Carolina,894291,.38079,37.081753,.046985749,11,matched (3),.12300247
8401,Aiken,Georgia,525842,.37976,36.209,.04104875,5,matched (3),.095085599
8501,Fitzgerald,Georgia,27415,.42002001,36.775501,.035914704,1,matched (3),.36476383
8503,Valdosta,Georgia,241530,.41479999,36.121998,.031849012,2,matched (3),.082805447
8601,Waycross,Georgia,113122,.38751999,37.603001,.044591743,1,matched (3),.088400133
8602,Brunswick,Georgia,93044,.32315999,36.181,.047382671,1,matched (3),.10747603
8800,Savannah,Georgia,434615,.35304999,36.083252,.040967092,6,matched (3),.13805322
8900,Macon,Georgia,386870,.38438001,35.454502,.032611173,4,matched (3),.1033939
9001,Vidalia,Georgia,108438,.41912001,38.272999,.048065297,2,matched (3),.18443719
9002,Milledgeville,Georgia,83808,.38732001,33.139,.032226563,1,matched (3),.11932035
9003,Dublin,Georgia,74610,.44058001,34.925499,.032026969,1,matched (3),.1340303
9100,Atlanta,Georgia,3798017,.36589,35.96825,.045329735,35,matched (3),.092153355
9302,Toccoa,Georgia,89228,.38058999,38.067749,.041666668,1,matched (3),.11207245
9400,Gainesville,Georgia,272150,.33521,39.547249,.069715701,2,matched (3),.073488884
9500,Talladega,Alabama,148252,.42206001,37.947498,.044903226,1,matched (3),.067452714
9600,LaGrange,Georgia,457299,.37312001,37.601002,.052343022,4,matched (3),.087470122
9701,Columbus,Georgia,303656,.37185001,35.243248,.034960333,3,matched (3),.098796003
9800,Auburn,Alabama,150911,.38956001,35.75,.034264803,1,matched (3),.06626422
9900,Tallahassee,Florida,426634,.36895001,37.873753,.047025815,1,matched (3),.023439294
10000,Panama City,Florida,172606,.33456001,39.184998,.058157489,3,matched (3),.17380624
10102,Thomasville,Georgia,66396,.39978999,36.29575,.032886196,1,matched (3),.15061149
10200,Albany,Georgia,181765,.37665999,34.530499,.027632687,2,matched (3),.11003219
10302,Dothan,Alabama,223605,.40724,39.018002,.058282208,2,matched (3),.089443438
10400,Meridian,Mississippi,157091,.4465,37.303501,.046772875,2,matched (3),.12731475
10501,Columbus,Mississippi,95083,.44751,36.021751,.036027852,1,matched (3),.10517127
10600,Jasper,Alabama,161169,.37902999,41.944752,.08658836,1,matched (3),.062046673
10700,Birmingham,Alabama,1038182,.39197999,37.5835,.050431833,10,matched (3),.096322224
10801,Tuscaloosa,Alabama,261112,.41753,36.855247,.040322579,2,matched (3),.076595485
10900,Pensacola,Florida,623252,.33476001,39.736,.061206341,11,matched (3),.17649361
11001,Mobile,Alabama,599405,.38806,38.019501,.051398002,5,matched (3),.083416052
11101,Montgomery,Alabama,367927,.43289,35.841248,.033037372,3,matched (3),.081537917
11201,Bluefield,Virginia,199334,.32368001,44.030998,.11074919,4,matched (3),.20066823
11202,Welch,West Virginia,53037,.27513,44.55225,.15991472,1,matched (3),.18854761
11203,Big Stone Gap,Virginia,84011,.32635999,43.633999,.10360825,2,matched (3),.23806407
11301,Fredericksburg,Virginia,241044,.34046,41.8675,.094581284,3,matched (3),.1244586
11302,Baltimore,Maryland,2512431,.41242999,38.831753,.064007394,56,matched (3),.22289169
11304,Washington DC,District of Columbia,4632415,.32956001,43.230999,.10981174,51,matched (3),.11009376
11401,Marquette,Michigan,121919,.292,45.139,.096565135,7,matched (3),.57415169
11402,Marinette,Michigan,114408,.33469,46.278252,.10272536,12,matched (3),1.0488777
11403,Sault Ste. Marie,Michigan,57510,.28099,42.14875,.099183194,4,matched (3),.69553119
11500,Jackson,Michigan,303839,.32982001,40.186501,.063088782,12,matched (3),.39494601
11600,Detroit,Michigan,5327827,.35834,37.331501,.054592762,168,matched (3),.31532556
11700,Lansing,Michigan,447728,.35016999,39.505249,.064116739,13,matched (3),.29035485
11800,Mount Pleasant,Michigan,136888,.36416,41.836002,.064615384,6,matched (3),.43831453
11900,Saginaw,Michigan,540707,.34869,40.907249,.064408086,27,matched (3),.49934623
12001,Big Rapids,Michigan,120045,.33322001,41.5415,.074307919,6,matched (3),.49981257
12002,Ludington,Michigan,52801,.36004999,42.238251,.076073617,2,matched (3),.37878069
12100,Kalamazoo,Michigan,509606,.38547,37.98175,.052623134,23,matched (3),.45132905
12200,Grand Rapids,Michigan,1286045,.3777,40.123501,.063729167,60,matched (3),.46654665
12301,Traverse City,Michigan,154452,.30500001,41.667,.074248672,8,matched (3),.51796025
12302,Petoskey,Michigan,83975,.28733999,42.112499,.076555021,6,matched (3),.71449834
12401,Alpena,Michigan,84783,.34548,41.988003,.078644067,4,matched (3),.4717927
12402,Grayling charter,Michigan,104421,.29703999,42.007,.074889868,6,matched (3),.57459706
12501,Dayton,Ohio,1179009,.39673001,38.262249,.048814505,46,matched (3),.39015818
12502,Washington Court House,Ohio,109851,.37873,38.66925,.053333335,4,matched (3),.3641296
12600,Wayne,Indiana,104034,.37786001,37.314499,.053981107,3,matched (3),.28836727
12701,Cincinnati,Ohio,1954800,.42927,37.855751,.051211949,52,matched (3),.26601186
12800,Washington,Indiana,134026,.34728,43.459999,.10658772,5,matched (3),.37306195
12901,Lexington-Fayette,Kentucky,525970,.37983999,36.946999,.053744998,7,matched (3),.13308744
12903,Danville,Kentucky,86667,.35613999,39.6525,.072749689,2,matched (3),.23076834
13000,Elizabethtown,Kentucky,176597,.32811001,42.362751,.081598945,2,matched (3),.11325221
13101,Louisville,Kentucky,1100767,.38738,37.8755,.051995486,22,matched (3),.19986065
13102,Madison,Indiana,49985,.40922001,40.802502,.093827158,1,matched (3),.20006002
13103,Bardstown,Kentucky,66605,.36612999,44.11525,.076216713,1,matched (3),.15013888
13200,Owensboro,Kentucky,177640,.35931,43.344749,.092302568,5,matched (3),.28146812
13300,Findlay,Ohio,246623,.34808001,44.021999,.07361456,16,matched (3),.64876348
13400,Lima,Ohio,260393,.38155001,44.66275,.069481768,18,matched (3),.69126284
13501,Toledo,Ohio,834343,.36815,39.387749,.057480805,34,matched (3),.40750626
13502,Defiance,Ohio,98981,.32885,43.702251,.081473216,7,matched (3),.70720643
13600,South Bend,Indiana,657906,.38743001,39.226749,.060134567,25,matched (3),.3799935
13700,Concord,Indiana,372184,.32391,42.164749,.073400989,17,matched (3),.45676333
13800,Wayne,Indiana,129528,.33686,42.8755,.09151414,4,matched (3),.30881354
13900,Center,Indiana,192308,.32345,40.443253,.066135086,6,matched (3),.3119995
14000,Muncie,Indiana,415487,.38089001,37.951248,.05317324,18,matched (3),.43322656
14100,Fort Wayne,Indiana,557161,.38108,40.560001,.065946564,23,matched (3),.41280708
14200,Indianapolis,Indiana,1507346,.3976,37.225002,.049006324,23,matched (3),.15258607
14300,Columbus,Indiana,163284,.38823,39.689751,.07468643,5,matched (3),.30621493
14400,Terre Haute,Indiana,261832,.35653001,42.252251,.082625255,9,matched (3),.34373185
14500,Lafayette,Indiana,347966,.33864,43.061001,.090833567,12,matched (3),.34486127
14600,Bloomington,Indiana,280923,.35025999,41.237499,.087185852,9,matched (3),.32037249
14700,Evansville,Indiana,388604,.39820999,43.605247,.079238921,13,matched (3),.33453077
14801,Olney,Illinois,55642,.33783001,47.32275,.11693989,3,matched (3),.53916109
14802,Vincennes,Indiana,54708,.38754001,45.0425,.10983982,2,matched (3),.36557725
14900,Gary,Indiana,675971,.35831001,40.69775,.081390135,18,matched (3),.2662836
15000,Canton,Ohio,700866,.37768999,41.757252,.064910851,35,matched (3),.4993822
15100,Lorain,Ohio,423702,.35321999,39.6395,.056600116,19,matched (3),.44842836
15200,Cleveland,Ohio,2661167,.40522,38.202499,.050859265,104,matched (3),.39080599
15300,Parkersburg,West Virginia,202967,.36654001,41.542503,.070894405,5,matched (3),.24634546
15400,Zanesville,Ohio,188410,.40779999,41.222,.06840761,8,matched (3),.42460591
15500,Steubenville,Ohio,132008,.41036999,41.037251,.072718151,6,matched (3),.4545179
15600,Wheeling,West Virginia,195637,.33778,45.414501,.12540402,7,matched (3),.35780552
15700,Scioto,Ohio,225682,.39243001,38.334751,.064859003,5,matched (3),.22155067
15800,Athens,Ohio,142321,.32791001,40.422752,.074712642,4,matched (3),.28105479
15900,Columbus,Ohio,1663807,.40612,37.688999,.049094066,34,matched (3),.20435062
16000,Mansfield,Ohio,326186,.38611001,40.429752,.064460784,17,matched (3),.52117503
16100,State College,Pennsylvania,310658,.29769,47.519253,.11312765,7,matched (3),.22532818
16200,Altoona,Pennsylvania,411749,.35234001,47.1315,.10237691,13,matched (3),.31572634
16300,Pittsburgh,Pennsylvania,2561364,.35868999,45.185249,.09514869,79,matched (3),.30842942
16400,Youngstown,Ohio,809682,.38789001,41.349251,.066974595,33,matched (3),.40756741
16500,Erie,Pennsylvania,659098,.35530001,43.7085,.075166807,36,matched (3),.54620099
16600,Roanoke,Virginia,468038,.37871,39.633751,.064016424,9,matched (3),.19229208
16701,Elkins,West Virginia,60271,.35308999,44.845249,.10579937,3,matched (3),.49775183
16702,Morgantown,West Virginia,259942,.35870001,43.9715,.10495847,8,matched (3),.30776095
16703,Buckhannon,West Virginia,40323,.31560999,46.567249,.12641084,1,matched (3),.24799742
16801,Beckley,West Virginia,174251,.34531999,43.439999,.10644503,5,matched (3),.28694239
16802,Summersville,West Virginia,58143,.3682,46.493,.12852897,2,matched (3),.34397951
16901,Charleston,West Virginia,347345,.32576001,42.339001,.097229391,7,matched (3),.20152874
17000,Pikeville,Kentucky,204354,.31812999,43.221249,.13784038,4,matched (3),.19573876
17100,Huntington,Kentucky,344380,.35528001,39.776001,.068505749,10,matched (3),.2903769
17200,Harrisonburg,Virginia,174641,.31661001,44.126247,.093889713,4,matched (3),.22904129
17300,Staunton,Virginia,188559,.35556,41.866001,.068016194,3,matched (3),.1591014
17400,Hagerstown,Pennsylvania,408535,.35854,42.877499,.087094583,10,matched (3),.24477707
17501,Cumberland,Maryland,155822,.3515,43.719498,.096905537,6,matched (3),.38505474
17502,Winchester,Virginia,115649,.35387,41.65575,.097297296,2,matched (3),.17293708
17600,Charlottesville,Virginia,273489,.36047,39.23275,.061382599,3,matched (3),.10969362
17700,Syracuse,New York,1080612,.36307999,42.341999,.076672107,53,matched (3),.49046281
17800,Oneonta,New York,161132,.32394999,44.63575,.092883892,11,matched (3),.68267012
17900,Union,New York,294558,.32732001,43.73,.088044025,13,matched (3),.44133922
18000,Buffalo,New York,2369699,.36847001,41.969749,.066782549,115,matched (3),.48529372
18100,Elmira,New York,346894,.32444999,44.199249,.093692213,16,matched (3),.461236
18201,Olean,New York,197898,.34373,45.078251,.080133051,10,matched (3),.50531083
18202,St. Marys,Pennsylvania,41086,.30300999,48.175247,.16298343,1,matched (3),.24339192
18300,Watertown,New York,250613,.33107001,44.70575,.10118044,18,matched (3),.71823889
18400,Plattsburgh,New York,169879,.32413,43.599251,.085456684,11,matched (3),.64751971
18500,Amsterdam,New York,110160,.32210001,43.411503,.082840234,8,matched (3),.72621644
18600,Albany,New York,1061509,.35782,43.149502,.083333336,47,matched (3),.44276592
18700,Sunbury,Pennsylvania,191962,.31713,47.929249,.11136677,8,matched (3),.41674915
18800,Scranton,Pennsylvania,857487,.31454,45.879501,.10745317,19,matched (3),.2215777
18900,Williamsport,Pennsylvania,227275,.32554001,47.100502,.10162095,9,matched (3),.39599603
19000,Allentown,Pennsylvania,637958,.35914999,44.842747,.082631499,11,matched (3),.17242515
19100,Reading,Pennsylvania,1114959,.34854999,45.528748,.096309543,21,matched (3),.18834773
19200,Harrisburg,Pennsylvania,1051424,.35977,43.946251,.079268292,32,matched (3),.30434915
19300,Poughkeepsie,New York,873232,.32999,42.550751,.094835781,26,matched (3),.29774448
19400,New York,New York,11781395,.32999,43.755753,.10500084,136,matched (3),.11543625
19500,Toms River,New Jersey,1126217,.32328999,45.215248,.12229786,13,matched (3),.11543068
19600,Newark,New Jersey,5822286,.35012001,44.063999,.10242597,86,matched (3),.14770831
19700,Philadelphia,Pennsylvania,5602247,.39348999,40.845249,.074011669,76,matched (3),.13565986
19800,Wilmington,Delaware,586216,.39159,37.721748,.065723926,9,matched (3),.15352702
19901,Dover,Delaware,439269,.38977,38.692249,.062596008,9,matched (3),.20488584
19902,Easton,Maryland,154018,.40169001,39.890251,.062635928,2,matched (3),.12985495
20001,Bangor,Maine,289843,.3037,41.7775,.080909684,12,matched (3),.41401723
20002,Calais,Maine,33941,.31033999,38.940498,.068027213,1,matched (3),.29462892
20003,Presque Isle,Maine,73938,.34799999,43.637001,.085585587,5,matched (3),.67624223
20100,Portland,Maine,690459,.29363999,42.807999,.080598019,26,matched (3),.37656111
20200,Burlington,Vermont,321496,.30818,43.807503,.093187854,10,matched (3),.31104586
20301,Berlin,Vermont,95549,.29405001,44.84325,.083530806,5,matched (3),.52329171
20302,Claremont,Vermont,265884,.2649,44.266499,.078877002,8,matched (3),.30088308
20401,Providence,Rhode Island,1582997,.33327001,43.368748,.08209534,30,matched (3),.18951394
20500,Boston,Massachusetts,4974945,.32229,44.610252,.10484998,91,matched (3),.1829166
20600,Manchester,New Hampshire,1193391,.29563999,44.238003,.10015175,23,matched (3),.19272812
20700,Keene,New Hampshire,118041,.26594001,43.182499,.090111643,5,matched (3),.42358163
20800,Springfield,Massachusetts,680014,.36607,41.491749,.068050474,17,matched (3),.24999486
20901,Bridgeport,Connecticut,3405565,.35936999,42.44825,.078617893,60,matched (3),.17618223
20902,Pittsfield,Massachusetts,171947,.30781999,42.511501,.086519115,8,matched (3),.46525964
21001,Ashland,Wisconsin,47701,.31670001,46.2015,.091032609,4,matched (3),.83855683
21002,Houghton,Michigan,47063,.28963,46.685749,.10227273,1,matched (3),.21248114
21003,Ironwood,Michigan,32049,.29769999,46.2015,.12138728,3,matched (3),.93606663
21004,Rhinelander,Wisconsin,67833,.30761001,45.749249,.10628019,6,matched (3),.88452524
21101,Rice Lake,Wisconsin,92542,.32618999,46.72575,.10152621,7,matched (3),.75641328
21102,Amery,Wisconsin,56993,.27125999,46.900501,.12855007,3,matched (3),.52638042
21201,Hutchinson,Minnesota,72898,.24307001,52.64875,.17706576,2,matched (3),.27435595
21202,Redwood Falls,Minnesota,33969,.27252001,56.181,.1971831,1,matched (3),.29438606
21301,Mankato,Minnesota,149925,.24229001,51.876251,.12634408,7,matched (3),.46690011
21302,Owatonna,Minnesota,109871,.28635001,48.53875,.13793103,4,matched (3),.36406332
21400,St. Cloud,Minnesota,254139,.25926,51.024502,.1268896,13,matched (3),.51153111
21501,Minneapolis,Minnesota,2904389,.33842999,44.168751,.085201129,86,matched (3),.2961036
21502,Pine City,Minnesota,41526,.31726,47.143501,.10969793,2,matched (3),.48162597
21600,Brainerd,Minnesota,141542,.31941,45.696251,.084274545,6,matched (3),.42390245
21701,Rochester,Minnesota,228867,.25387999,50.495003,.14215985,12,matched (3),.52432197
21702,Austin,Minnesota,71187,.29991999,49.125999,.11773255,2,matched (3),.28095016
21801,Mason City,Iowa,78179,.3062,49.992001,.12659846,5,matched (3),.63955796
21802,Decorah,Iowa,72111,.23887999,56.560001,.16571428,6,matched (3),.83205056
21900,Marshalltown,Iowa,113442,.29481,48.41925,.11263467,8,matched (3),.70520616
22001,Waterloo,Iowa,222112,.33741,48.921249,.12246586,11,matched (3),.49524564
22100,Iowa City,Iowa,203768,.29344001,47.033001,.093184978,7,matched (3),.34352794
22200,Cedar Rapids,Iowa,252901,.29205999,47.5205,.11731844,16,matched (3),.6326586
22300,Ottumwa,Iowa,142385,.27572,49.188,.12449799,5,matched (3),.35116059
22400,Sheboygan,Wisconsin,195533,.31198999,47.179749,.13809082,15,matched (3),.76713395
22500,Oshkosh,Wisconsin,549651,.30238,47.7495,.11485497,42,matched (3),.76412123
22601,Green Bay,Wisconsin,310560,.30937999,47.248501,.091099039,24,matched (3),.77279752
22602,Shawano,Wisconsin,65966,.35253999,44.2355,.083900228,5,matched (3),.75796622
22700,Wausau,Wisconsin,370092,.2764,49.187,.12448527,29,matched (3),.78358895
22800,Eau Claire,Wisconsin,305307,.27193001,49.025249,.11301958,15,matched (3),.49130875
22900,La Crosse,Wisconsin,220109,.29095,47.68475,.11819333,12,matched (3),.54518443
23000,Monroe,Wisconsin,116624,.27437001,51.016251,.16713881,10,matched (3),.85745645
23100,Madison,Wisconsin,590755,.31606001,44.4935,.092191175,33,matched (3),.55860722
23200,Dubuque,Iowa,163189,.25457999,53.552498,.15948276,15,matched (3),.91917962
23301,Charleston,Illinois,101161,.35843,43.855751,.095867768,5,matched (3),.49426162
23302,Douglas,Illinois,101195,.34220999,47.42025,.10154525,6,matched (3),.59291464
23400,Bloomington,Illinois,206909,.34577999,44.164497,.084586464,9,matched (3),.43497384
23500,Decatur,Illinois,382083,.38876,42.003002,.067792796,13,matched (3),.34024021
23600,Burlington,Iowa,136489,.32049999,46.654499,.10227973,9,matched (3),.65939379
23700,Galesburg,Illinois,145734,.33972999,44.162251,.08859358,9,matched (3),.61756349
23801,Davenport,Illinois,382351,.3594,43.648003,.080944352,18,matched (3),.47077161
23802,Clinton,Iowa,70445,.31623,48.342751,.113879,8,matched (3),1.1356378
23900,Peoria,Illinois,529703,.38416001,42.386997,.071781784,31,matched (3),.58523363
24000,Kenosha,Wisconsin,584474,.35681,40.480251,.069195643,29,matched (3),.49617264
24100,Milwaukee,Wisconsin,1660659,.42390001,39.3125,.04457067,95,matched (3),.57206208
24200,Bourbonnais,Illinois,135167,.37992001,42.562,.073096447,6,matched (3),.44389534
24300,Chicago,Illinois,8183799,.39282,39.407501,.064929262,184,matched (3),.22483446
24400,Rockford,Illinois,622573,.34887999,41.476002,.073538654,31,matched (3),.49793357
24500,Rolla,Missouri,111509,.31488001,42.902,.079737335,2,matched (3),.17935772
24600,Farmington,Missouri,137456,.37393001,42.056252,.085244648,5,matched (3),.36375275
24701,St. Louis,Missouri,2325609,.41295001,38.416752,.05052314,68,matched (3),.29239652
24702,Mexico,Missouri,37989,.31518999,44.908752,.075675674,3,matched (3),.7897023
24801,Jacksonville,Illinois,84748,.36776,44.917999,.09115044,5,matched (3),.58998442
24802,Springfield,Illinois,267992,.38453001,41.25325,.067371599,9,matched (3),.33583093
24900,Edwardsville,Illinois,382997,.36274001,42.774502,.087293699,25,matched (3),.65274662
25000,Quincy,Illinois,152421,.35653999,45.538502,.089620486,6,matched (3),.39364654
25101,Mountain Home,Arkansas,64068,.27853999,43.692497,.089506172,3,matched (3),.46825248
25102,West Plains,Missouri,90551,.30961999,43.988503,.081554875,4,matched (3),.44174001
25103,Harrison,Arkansas,76174,.30087,44.715748,.099715099,2,matched (3),.26255679
25104,Heber Springs,Arkansas,51737,.28826001,44.741501,.10960068,2,matched (3),.38657054
25200,Henderson,Kentucky,151629,.34906,43.068501,.099227801,2,matched (3),.13190089
25300,Union City,Tennessee,117387,.39269,39.811249,.073929958,2,matched (3),.17037661
25401,Paducah,Kentucky,138654,.38155001,41.089752,.074477747,3,matched (3),.21636592
25402,Murray,Kentucky,34177,.29030001,41.934498,.070454545,1,matched (3),.29259443
25500,Centralia,Illinois,141040,.37928,44.858997,.081344374,4,matched (3),.28360748
25601,Carbondale,Illinois,265022,.38055,42.75275,.079047836,11,matched (3),.41505989
25602,Harrisburg,Illinois,37978,.40592,44.479,.11213721,1,matched (3),.26331034
25701,Cape Girardeau,Missouri,184036,.39515001,41.414753,.060051546,3,matched (3),.16301158
25702,Poplar Bluff,Missouri,73576,.36023,41.075748,.066825777,5,matched (3),.67956942
25800,Blytheville,Arkansas,105181,.42765999,37.836502,.051401868,2,matched (3),.19014841
25900,Jonesboro,Arkansas,198671,.35690001,41.0625,.081032261,2,matched (3),.10066894
26001,Roseau,Minnesota,20860,.18584999,53.686249,.1875,1,matched (3),.47938639
26002,Duluth,Minnesota,286544,.33535999,44.915001,.08911483,15,matched (3),.52347982
26004,International Falls,Minnesota,14355,.25428,48.973,.17412935,1,matched (3),.69662136
26101,Moberly,Missouri,56535,.31751001,45.097752,.10137276,1,matched (3),.17688158
26102,Marshall,Missouri,48599,.40985999,44.754498,.094837934,4,matched (3),.82306218
26103,Brookfield,Missouri,22192,.36256,48.562,.11192214,1,matched (3),.45061284
26104,Trenton,Missouri,14189,.35661,45.55225,.10833333,1,matched (3),.70477128
26106,Centerville,Iowa,29873,.2559,50.0485,.14671814,2,matched (3),.66950089
26107,Kirksville,Missouri,38491,.24945,47.206249,.11343805,1,matched (3),.259801
26201,Bismarck,North Dakota,114739,.24415,54.562748,.18674137,7,matched (3),.61008024
26301,Devils Lake,North Dakota,22745,.46061999,47.503498,.096474953,2,matched (3),.87931412
26303,Turtle Mountain UT,North Dakota,16550,.36311999,40.819,.082554519,1,matched (3),.60422963
26304,Minot,North Dakota,74541,.23352,56.233002,.2241784,4,matched (3),.53661746
26305,Rugby,North Dakota,11487,.2406,59.953003,.21910113,1,matched (3),.87054932
26409,Glendive,Montana,12051,.21402,57.0415,.26666668,1,matched (3),.82980663
26411,Sidney,North Dakota,22035,.32433999,55.629501,.25056946,2,matched (3),.90764695
26501,Brookings,South Dakota,40630,.21161,53.756248,.16666667,2,matched (3),.4922471
26502,Madison,South Dakota,14160,.30691999,54.305,.18435754,1,matched (3),.70621467
26503,Sioux Falls,South Dakota,200630,.26888001,49.384003,.11863314,10,matched (3),.49842995
26504,Watertown,South Dakota,40078,.24798,54.802502,.14352942,4,matched (3),.99805379
26601,Milbank,Minnesota,17801,.26014999,56.081749,.17021276,1,matched (3),.56176621
26602,Sisseton,South Dakota,20859,.36745,48.647247,.10706638,1,matched (3),.47940937
26605,Aberdeen,South Dakota,52825,.1919,54.718498,.19926874,5,matched (3),.94652152
26701,Bemidji,Minnesota,101639,.35778999,44.862751,.095286883,4,matched (3),.39354971
26702,Grafton,North Dakota,31090,.21514,56.749504,.23255815,4,matched (3),1.2865874
26703,Thief River Falls,Minnesota,28038,.23921999,54.869499,.17875648,1,matched (3),.35665882
26704,Grand Forks,North Dakota,108213,.27638999,50.80875,.12794918,4,matched (3),.36964136
26801,Fargo,North Dakota,206945,.29493001,50.44725,.1358173,9,matched (3),.43489817
26802,Lisbon,North Dakota,16013,.23695999,59.829998,.23529412,1,matched (3),.62449259
26803,Jamestown,North Dakota,38384,.23617999,56.497501,.2240566,5,matched (3),1.3026261
26901,Fergus Falls,Minnesota,117558,.2807,52.786499,.15230769,7,matched (3),.59545076
26902,Little Falls,Minnesota,69851,.25678,51.952503,.16455697,1,matched (3),.14316188
27005,Yankton,South Dakota,47901,.2014,57.622002,.17120001,4,matched (3),.83505565
27006,Mitchell,South Dakota,27613,.28760001,52.27,.13381995,1,matched (3),.36214826
27009,Chamberlain,South Dakota,11291,.46891001,40.951752,.080419578,1,matched (3),.88566113
27011,Pierre,South Dakota,20809,.39175999,46.671001,.092436977,1,matched (3),.48056129
27101,Willmar,Minnesota,85394,.28518999,51.92075,.12471396,7,matched (3),.81972975
27202,Worthington,Minnesota,60435,.27386999,54.339748,.14029364,6,matched (3),.9928022
27301,Spencer,Iowa,61106,.26592001,53.883999,.18500797,8,matched (3),1.3092004
27302,Fairmont,Minnesota,49010,.29429999,52.016499,.12871288,5,matched (3),1.0202
27401,Storm Lake,Iowa,52812,.30351001,54.796749,.17343174,4,matched (3),.75740361
27402,Fort Dodge,Iowa,101165,.31597,49.674252,.13004485,8,matched (3),.79078734
27501,Des Moines,Iowa,595842,.34825999,45.307499,.091024823,23,matched (3),.38600838
27502,Creston,Iowa,35600,.31384999,48.499249,.12451362,2,matched (3),.56179774
27503,Atlantic,Iowa,34687,.30847001,53.175751,.15158372,2,matched (3),.57658488
27601,Rapid City,South Dakota,158442,.31231001,45.678749,.093032956,6,matched (3),.37868747
27701,Scottsbluff,Nebraska,65903,.28218001,49.681499,.11940298,7,matched (3),1.0621672
27702,Cheyenne,Wyoming,95526,.27917001,46.08025,.095637582,5,matched (3),.52341771
27703,Torrington,Wyoming,21345,.26478001,50.880501,.17158177,2,matched (3),.93698758
27704,Gordon,South Dakota,22238,.40092,34.812,.031948883,2,matched (3),.89936143
27801,Virginia Beach,Nebraska,56990,.25762001,52.2355,.15160796,5,matched (3),.87734687
27802,Columbus,Nebraska,61167,.22113,55.721249,.1691843,8,matched (3),1.3078948
27901,Hastings,Nebraska,42251,.26960999,51.48225,.11111111,4,matched (3),.94672316
27902,York,Nebraska,26871,.28499001,54.859749,.18681319,3,matched (3),1.1164452
27903,Grand Island,Nebraska,77708,.28832999,50.26825,.14209968,4,matched (3),.5147475
28001,Sioux City,Iowa,187773,.30419001,48.574749,.11252354,13,matched (3),.69232529
28002,West Point,Nebraska,25165,.44701001,46.50425,.1003861,3,matched (3),1.1921319
28101,Lincoln,Nebraska,311956,.33015999,45.454002,.091316752,11,matched (3),.35261384
28102,Nebraska City,Nebraska,40078,.27144,52.616001,.15835141,4,matched (3),.99805379
28201,Red Oak,Iowa,48197,.30085,51.020248,.12421384,2,matched (3),.41496357
28202,Omaha,Nebraska,803201,.35894001,43.1105,.077540748,32,matched (3),.39840588
28301,Sterling,Colorado,39751,.26300001,51.841,.14463453,1,matched (3),.25156599
28302,Ogallala,Nebraska,16920,.27158999,53.534748,.16228071,2,matched (3),1.1820331
28305,Broken Bow,Nebraska,13105,.25781,55.512249,.17647059,1,matched (3),.76306754
28306,North Platte,Nebraska,35939,.27678001,48.2915,.12276786,1,matched (3),.27824926
28401,Colorado Springs,Colorado,587132,.27759999,41.801998,.089342691,9,matched (3),.1532875
28502,Pueblo,Colorado,187782,.34386,40.938499,.065621682,7,matched (3),.37277269
28503,Trinidad,Colorado,23069,.28878,44.813499,.11764706,1,matched (3),.43348217
28504,Burlington,Colorado,11864,.21886,55.831501,.20465116,1,matched (3),.84288603
28605,Goodland,Kansas,8509,.25128999,50.737251,.19491525,1,matched (3),1.1752262
28607,McCook,Nebraska,19695,.27443999,52.444,.18245614,1,matched (3),.50774306
28608,Kearney,Nebraska,56033,.22153001,52.825249,.16442953,5,matched (3),.8923313
28609,Lexington,Nebraska,48464,.27068999,51.37925,.16527778,5,matched (3),1.0316936
28701,Salida,Colorado,16242,.20434,48.092499,.089473687,1,matched (3),.61568773
28702,Glenwood Springs,Colorado,131682,.18374,47.452499,.16901408,4,matched (3),.30376211
28703,Granby,Colorado,12442,.3055,42.696499,.075471699,1,matched (3),.8037293
28704,Laramie,Wyoming,33591,.21173,49.17025,.16286644,3,matched (3),.89309639
28800,Fort Collins,Colorado,459601,.26966,45.168503,.11536778,11,matched (3),.23933804
28900,Denver,Colorado,2449044,.29366001,42.203499,.087027751,50,matched (3),.2041613
29001,Pratt,Kansas,18232,.27110001,52.084503,.15517241,2,matched (3),1.0969723
29003,Dodge City,Kansas,42837,.30847999,47.501999,.11330935,2,matched (3),.4668861
29004,Great Bend,Kansas,47227,.28953001,50.534252,.13128039,3,matched (3),.63522983
29005,Hutchinson,Kansas,82076,.31235999,45.413002,.10738916,2,matched (3),.24367659
29006,Hays,Kansas,38196,.26021999,53.172501,.15789473,5,matched (3),1.3090376
29101,Concordia,Kansas,19894,.29451001,52.80275,.15282393,1,matched (3),.50266415
29102,Superior,Nebraska,11112,.20291001,59.49575,.1863354,1,matched (3),.89992803
29103,Beloit,Kansas,11384,.27063,55.49575,.15037593,1,matched (3),.87842584
29104,Salina,Kansas,63338,.34259,43.85675,.082998663,3,matched (3),.47364932
29201,Hiawatha,Kansas,21441,.28498,56.595501,.17182131,1,matched (3),.46639615
29202,Marysville,Kansas,17448,.20698,57.6045,.14522822,1,matched (3),.57313156
29203,Manhattan,Kansas,143269,.34988999,43.974251,.088531189,4,matched (3),.27919507
29204,Topeka,Kansas,324513,.33930001,42.225502,.070468798,6,matched (3),.18489245
29301,Wichita,Kansas,553506,.33092999,41.412251,.072246693,17,matched (3),.30713308
29302,Newton,Kansas,75784,.28630999,48.08675,.10349651,5,matched (3),.65976989
29303,Winfield,Kansas,51584,.30756,45.108002,.10986267,3,matched (3),.58157569
29401,Ottawa,Kansas,51067,.33713001,44.889248,.092639595,2,matched (3),.39164236
29402,Emporia,Kansas,47830,.33497,46.13525,.10940171,3,matched (3),.62722141
29403,Bartlesville,Kansas,145981,.34709999,43.559502,.089498803,10,matched (3),.68502063
29501,Leavenworth,Kansas,85465,.32710001,42.470501,.080346107,2,matched (3),.23401393
29502,Kansas City,Missouri,1762873,.36493999,40.074497,.070146576,44,matched (3),.24959257
29503,St. Joseph,Missouri,158300,.35027999,43.343998,.083113454,5,matched (3),.31585598
29504,Sedalia,Missouri,88232,.33425,43.245251,.082563154,2,matched (3),.22667512
29505,Polk,Missouri,33693,.33491001,50.571751,.1127451,3,matched (3),.89039266
29601,Columbia,Missouri,302388,.33598,42.788502,.065512978,10,matched (3),.33070096
29602,Eldon,Missouri,79924,.34527001,42.33075,.067785665,5,matched (3),.62559432
29700,Springfield,Missouri,440866,.31525999,41.941502,.071467616,10,matched (3),.2268263
29800,Aurora,Missouri,137575,.31145999,42.585499,.074891463,5,matched (3),.36343813
29901,Joplin,Missouri,266742,.33471,43.050751,.072286703,9,matched (3),.33740467
29902,Center,Missouri,54651,.35608,44.162003,.085664339,4,matched (3),.73191708
30000,Russellville,Arkansas,138646,.31821999,42.670498,.088736087,3,matched (3),.21637841
30100,Fort Smith,Arkansas,332832,.32986999,42.638748,.093938597,3,matched (3),.090135567
30200,Muskogee,Oklahoma,152466,.35806,41.018501,.063101105,3,matched (3),.19676518
30300,Fayetteville,Arkansas,384122,.31805,43.04425,.091806516,4,matched (3),.10413358
30401,Stillwater,Oklahoma,79601,.30215999,45.828999,.098464318,1,matched (3),.12562656
30402,Tulsa,Oklahoma,921246,.34125,41.63525,.078357495,14,matched (3),.15196809
30403,Okmulgee,Oklahoma,51499,.33136001,42.056999,.081061162,1,matched (3),.19417852
30501,Woodward,Oklahoma,26123,.26080999,53.25325,.2,2,matched (3),.76560885
30502,Enid,Oklahoma,102415,.31895,50.013748,.14926879,5,matched (3),.48820972
30601,El Paso,Texas,857648,.21986,43.7425,.086441278,4,matched (3),.046639182
30604,Deming,New Mexico,61950,.29271001,41.51075,.06972789,2,matched (3),.32284099
30701,Roswell,New Mexico,113040,.31838,43.928501,.11661237,1,matched (3),.08846426
30801,Hobbs,New Mexico,90061,.29688999,49.131248,.16194968,2,matched (3),.22207171
30802,Lubbock,Texas,287568,.38323,41.37175,.067375377,5,matched (3),.17387192
30901,Clovis,New Mexico,73078,.33230999,43.73175,.082815737,1,matched (3),.13684009
30903,Amarillo,Texas,240752,.33658001,42.8265,.086136706,4,matched (3),.16614607
30904,Pampa,Texas,57355,.2825,50.636497,.15333334,2,matched (3),.34870544
30908,Plainview,Texas,52751,.35666001,44.495499,.084852293,2,matched (3),.37913972
31001,Garden City,Kansas,52031,.31411001,46.53875,.10891089,2,matched (3),.38438624
31004,Liberal,Kansas,32998,.30328,49.009003,.12114538,1,matched (3),.30304867
31006,Guymon,Oklahoma,29937,.26315999,50.389,.16170213,1,matched (3),.3340348
31007,Dumas,Texas,31880,.33349001,47.826252,.13601533,1,matched (3),.3136763
31101,Victoria,Texas,165277,.35427001,45.824749,.101473,4,matched (3),.24201794
31102,La Grange,Texas,42194,.37599999,48.797001,.11401425,2,matched (3),.47400105
31201,Austin,Texas,1298076,.32335001,40.414749,.069321632,14,matched (3),.10785193
31202,Burnet,Texas,51191,.32521999,43.245499,.094736844,2,matched (3),.39069366
31301,San Antonio,Texas,1724863,.31986001,41.1115,.06438259,25,matched (3),.14493905
31302,Beeville,Texas,47805,.34639999,45.528999,.10215947,2,matched (3),.41836628
31303,Kerrville,Texas,64467,.30921999,44.686501,.095637582,2,matched (3),.31023625
31401,Midland,Texas,262282,.28336,50.737999,.17888699,6,matched (3),.2287614
31402,Pecos,Texas,31286,.22458,53.390499,.23295455,1,matched (3),.31963179
31403,Fort Stockton,Texas,20908,.20920999,52.13625,.22278057,1,matched (3),.47828582
31503,Laredo,Texas,210580,.23163,44.910751,.10885359,1,matched (3),.047487892
31600,Brownsville,Texas,978369,.22654,44.0965,.091609113,9,matched (3),.09198983
31700,Corpus Christi,Texas,503493,.29565001,44.123249,.1055676,7,matched (3),.13902874
31800,College Station,Texas,208437,.34588999,41.685249,.077777781,3,matched (3),.14392838
31900,Pearland,Texas,320912,.30813,45.481251,.11571612,4,matched (3),.12464476
32000,Houston,Texas,4504013,.32517001,42.759251,.09273798,45,matched (3),.0999109
32100,Beaumont,Texas,497770,.34323999,43.286999,.094970569,5,matched (3),.100448
32201,Huntsville,Texas,191792,.3734,41.632999,.077342585,3,matched (3),.15641946
32301,San Angelo,Texas,113973,.33368,43.650002,.086386427,2,matched (3),.17548016
32304,Uvalde,Texas,35212,.35659,45.930752,.096843615,1,matched (3),.28399408
32401,Big Spring,Texas,54073,.35929,47.902252,.11444142,2,matched (3),.36987036
32403,Snyder,Texas,26918,.28327,50.061752,.15608919,1,matched (3),.37149861
32501,Abilene,Texas,191518,.32649001,45.112251,.10329199,4,matched (3),.20885766
32601,Wichita Falls,Texas,151524,.32756999,43.856251,.096604496,3,matched (3),.19798844
32602,Graham,Texas,28556,.37858,50.531502,.17593984,1,matched (3),.35018909
32701,Brownwood,Texas,58246,.33284,45.174,.10866373,1,matched (3),.17168561
32702,Stephenville,Texas,55256,.29282999,47.921749,.11419753,1,matched (3),.18097582
32801,Waco,Texas,281618,.39794001,40.033501,.067537434,3,matched (3),.10652728
32900,Killeen,Texas,330714,.33524999,40.486248,.077248268,5,matched (3),.15118803
33000,Fort Worth,Texas,1804370,.31979999,42.32,.091362856,18,matched (3),.099757813
33100,Dallas,Texas,3405666,.34689,40.35025,.071082465,22,matched (3),.064598233
33200,Paris,Texas,185835,.35444,41.428001,.076712325,2,matched (3),.10762236
33300,Tyler,Texas,434643,.34735999,42.884998,.095106505,4,matched (3),.092029549
33400,Longview,Texas,289849,.35657001,43.82325,.11419708,3,matched (3),.10350217
33500,Texarkana,Texas,235988,.37522,40.905502,.078893088,5,matched (3),.21187519
33601,Lawton,Oklahoma,171610,.31882,44.046501,.10488088,3,matched (3),.17481498
33602,Altus,Oklahoma,48010,.32594001,45.640503,.11214953,1,matched (3),.20828994
33700,Ardmore,Oklahoma,117982,.34869999,46.164497,.11078823,4,matched (3),.33903477
33801,Elk City,Oklahoma,60885,.35089999,50.9175,.18719889,4,matched (3),.65697628
33802,Chickasha,Oklahoma,75666,.37213999,45.362499,.11544628,3,matched (3),.39647928
33803,Oklahoma City,Oklahoma,1154246,.34232,42.16,.08207529,26,matched (3),.22525528
33901,Ada,Oklahoma,69207,.37797001,45.46125,.11672942,1,matched (3),.14449406
33902,Sherman,Texas,178371,.34445,41.589252,.088479809,2,matched (3),.11212585
34001,Hot Springs,Arkansas,210357,.36454999,40.13475,.070756733,4,matched (3),.19015293
34002,Idabel,Oklahoma,97397,.31690001,43.335499,.092278719,2,matched (3),.20534514
34201,Havre,Montana,25840,.39989999,43.025501,.0821485,2,matched (3),.77399379
34202,Shelby,Montana,24938,.42491001,40.383751,.047505938,3,matched (3),1.2029834
34203,Great Falls,Montana,95101,.25431001,47.074749,.096359745,7,matched (3),.73605955
34301,Cody,Wyoming,37247,.20135,52.658749,.14740369,2,matched (3),.53695601
34302,Worland,Wyoming,13171,.28959,50.44075,.13065326,1,matched (3),.75924379
34303,Riverton,Wyoming,35804,.33787999,46.435001,.12431843,3,matched (3),.83789521
34304,Sheridan,Wyoming,46306,.33171001,45.095753,.10449321,2,matched (3),.43190947
34308,Billings,Montana,152638,.25051999,47.975002,.13051917,9,matched (3),.58963037
34401,Dillon,Montana,9202,.12069,51.227253,.11688311,1,matched (3),1.0867202
34402,Bozeman,Montana,93985,.19199,47.366749,.12596899,6,matched (3),.63839972
34403,Helena,Montana,70150,.27162999,45.646748,.1197411,3,matched (3),.42765501
34404,Butte-Silver Bow,Montana,54033,.30048001,47.104,.089366518,5,matched (3),.92536044
34501,Bonners Ferry,Idaho,9871,.2089,46.202499,.099137932,1,matched (3),1.0130686
34503,Kalispell,Montana,111205,.23994,44.601498,.11084142,6,matched (3),.53954411
34504,Missoula,Montana,135756,.21591,45.63475,.10562731,6,matched (3),.44196942
34601,Gillette,Wyoming,46229,.21844,55.507004,.26418439,4,matched (3),.86525774
34602,Rawlins,Wyoming,15639,.25181001,49.417252,.19341564,1,matched (3),.63942707
34603,Casper,Wyoming,78585,.29280999,50.33625,.1662689,4,matched (3),.50900298
34801,Las Vegas,New Mexico,49495,.26763001,41.96175,.085848421,1,matched (3),.20204061
34802,Santa Fe,New Mexico,218804,.26710999,40.074749,.080323316,2,matched (3),.09140601
34803,Tucumcari,New Mexico,10965,.26372999,43.63525,.073033705,1,matched (3),.91199273
34805,Alamosa,Colorado,46190,.28628001,45.211002,.098867923,1,matched (3),.21649708
34901,Albuquerque,New Mexico,755244,.31540999,39.250252,.065984614,13,matched (3),.17212979
35001,Phoenix,Arizona,3303211,.29370001,40.286499,.075277291,36,matched (3),.10898487
35002,Safford,Arizona,42036,.30917999,44.675499,.1105919,2,matched (3),.47578266
35100,Tucson,Arizona,999882,.29027,39.889751,.070549995,16,matched (3),.16001888
35201,Grand Junction,Colorado,187857,.24695,47.06675,.14636715,3,matched (3),.15969594
35300,Farmington,New Mexico,168198,.29367,41.708752,.091447525,4,matched (3),.23781496
35401,Flagstaff,Arizona,289883,.25694999,41.597752,.081450909,6,matched (3),.20698006
35402,Cortez,Colorado,40087,.22289,45.986248,.12678063,1,matched (3),.24945743
35500,Gallup,Arizona,241691,.3028,34.087997,.041061398,4,matched (3),.16550058
35701,Twin Falls,Idaho,120807,.23233999,45.4935,.087119184,6,matched (3),.49665996
35702,Burley,Idaho,41590,.27004001,48.723,.11389237,3,matched (3),.72132725
35801,Boise City,Idaho,493970,.25878999,42.66275,.073920421,13,matched (3),.26317388
35803,McCall,Idaho,11127,.23484001,44.324001,.12403101,1,matched (3),.89871484
35901,St. George,Utah,130138,.23684999,46.249249,.10848329,2,matched (3),.15368301
35902,Price,Utah,54045,.25512001,50.045998,.13734393,3,matched (3),.55509299
35903,Moab,Utah,8485,.33888999,46.07325,.11797753,1,matched (3),1.1785504
36000,Provo,Utah,389179,.18343,49.306751,.137512,7,matched (3),.17986582
36100,Salt Lake City,Utah,1426729,.26385999,46.1525,.10832743,24,matched (3),.16821694
36200,Logan,Utah,149590,.18865,50.522251,.13690953,4,matched (3),.26739755
36301,Pocatello,Idaho,269722,.23619001,46.37075,.092508666,12,matched (3),.44490254
36302,Salmon,Idaho,12148,.20513,48.439251,.15492958,1,matched (3),.82318079
36303,Jackson,Wyoming,24250,.14978001,50.3535,.11392405,2,matched (3),.82474226
36401,Steamboat Springs,Colorado,38860,.17895,51.550751,.15890411,2,matched (3),.51466805
36402,Vernal,Utah,39595,.23467,56.553745,.25337839,1,matched (3),.25255713
36404,Rock Springs,Wyoming,80730,.22408,52.637001,.20539419,5,matched (3),.61934847
36501,Klamath Falls,California,151353,.29403999,43.292,.085617594,9,matched (3),.59463638
36600,Redding,California,219295,.31305,41.80125,.088071346,5,matched (3),.22800337
36700,Eureka,California,139540,.30125001,39.31625,.07579273,6,matched (3),.42998424
36800,Medford,Oregon,256995,.27122,40.814499,.071968012,5,matched (3),.19455631
36901,Crescent City,California,48644,.28298,39.539497,.08342246,2,matched (3),.4111504
36902,Roseburg,Oregon,163178,.29352999,40.773247,.081977881,5,matched (3),.30641386
37000,Modesto,California,729182,.26062,42.364498,.093628272,8,matched (3),.10971198
37100,Bakersfield,California,661645,.25608,45.296001,.12161972,8,matched (3),.12091076
37200,Fresno,California,1419998,.29471001,41.338749,.074879371,12,matched (3),.08450716
37300,Chico,California,387577,.26829001,42.83625,.094842598,6,matched (3),.15480796
37400,Sacramento,California,2570609,.25729001,42.655251,.096909009,28,matched (3),.10892361
37500,San Jose,California,2393183,.23546,44.746498,.12932588,21,matched (3),.087749243
37601,Elko,Nevada,61917,.25876999,46.925251,.16029412,4,matched (3),.64602613
37603,Portola,California,24379,.25116,44.582001,.11764706,2,matched (3),.82037818
37604,Reno,Nevada,453825,.27695,41.375751,.091030493,7,matched (3),.15424448
37700,Santa Rosa,California,603188,.24784,42.290001,.099550895,11,matched (3),.18236437
37800,San Francisco,California,4642561,.25005001,44.36425,.12152587,53,matched (3),.11416113
37901,Las Vegas,Nevada,1568418,.25905001,40.03825,.080029011,10,matched (3),.063758515
37903,Mammoth Lakes,California,30798,.29231,44.950752,.11594203,1,matched (3),.32469642
38000,San Diego,California,2813833,.23677,44.270248,.10436475,19,matched (3),.067523554
38100,Yuma,California,302387,.23006,44.036499,.098213226,3,matched (3),.099210612
38200,Santa Barbara,California,646028,.21525,44.71125,.11294083,7,matched (3),.10835443
38300,Los Angeles,California,16393360,.23105,43.37825,.096090205,154,matched (3),.093940474
38401,Lewiston,Idaho,88546,.27979001,44.979752,.09020979,4,matched (3),.45174259
38402,Pullman,Washington,75675,.2543,48.216499,.1423611,3,matched (3),.3964321
38501,Moses Lake,Washington,91126,.31020999,45.13625,.096579477,2,matched (3),.21947633
38502,Wenatchee,Washington,99219,.26600999,44.953251,.093546048,4,matched (3),.40314859
38601,Spokane,Washington,608317,.28740999,43.084251,.092801489,20,matched (3),.32877594
38602,Colville,Washington,86890,.29629001,42.31525,.097524755,4,matched (3),.46035218
38700,Longview,Washington,220580,.32132,41.164997,.09277267,10,matched (3),.45335025
38801,Portland,Oregon,1842889,.27709001,41.282249,.093058541,39,matched (3),.21162425
38802,The Dalles,Oregon,65297,.28852999,43.173252,.10438024,4,matched (3),.61258554
38901,Eugene,Oregon,936387,.29383001,40.474751,.078895815,25,matched (3),.26698363
38902,Newport,Oregon,68741,.27676001,41.119999,.072574481,3,matched (3),.43642077
39000,Yakima,Washington,255943,.30471,43.180752,.081706583,7,matched (3),.27349839
39100,Kennewick,Washington,332609,.29056999,44.05825,.1058548,11,matched (3),.33071867
39201,La Grande,Oregon,41271,.24607,45.394753,.087674715,2,matched (3),.48460177
39203,Bend,Oregon,153558,.27695999,41.487999,.081726357,2,matched (3),.13024394
39205,John Day,Oregon,7935,.16577999,49.717499,.11585366,1,matched (3),1.2602395
39302,Bellingham,Washington,166814,.27619001,44.122753,.11557513,4,matched (3),.23978803
39303,Port Angeles,Washington,90478,.28534001,41.405502,.085840061,4,matched (3),.44209641
39400,Seattle,Washington,3775744,.27327001,43.201752,.10855095,63,matched (3),.16685453
